{
	"partitions" : [
		{
			"name" : "Top",
			"pins" : [
				{
					"name" : "hex0[6]",
					"strict" : false
				},
				{
					"name" : "hex0[5]",
					"strict" : false
				},
				{
					"name" : "hex0[4]",
					"strict" : false
				},
				{
					"name" : "hex0[3]",
					"strict" : false
				},
				{
					"name" : "hex0[2]",
					"strict" : false
				},
				{
					"name" : "hex0[1]",
					"strict" : false
				},
				{
					"name" : "hex0[0]",
					"strict" : false
				},
				{
					"name" : "hex1[6]",
					"strict" : false
				},
				{
					"name" : "hex1[5]",
					"strict" : false
				},
				{
					"name" : "hex1[4]",
					"strict" : false
				},
				{
					"name" : "hex1[3]",
					"strict" : false
				},
				{
					"name" : "hex1[2]",
					"strict" : false
				},
				{
					"name" : "hex1[1]",
					"strict" : false
				},
				{
					"name" : "hex1[0]",
					"strict" : false
				},
				{
					"name" : "hex2[6]",
					"strict" : false
				},
				{
					"name" : "hex2[5]",
					"strict" : false
				},
				{
					"name" : "hex2[4]",
					"strict" : false
				},
				{
					"name" : "hex2[3]",
					"strict" : false
				},
				{
					"name" : "hex2[2]",
					"strict" : false
				},
				{
					"name" : "hex2[1]",
					"strict" : false
				},
				{
					"name" : "hex2[0]",
					"strict" : false
				},
				{
					"name" : "hex3[6]",
					"strict" : false
				},
				{
					"name" : "hex3[5]",
					"strict" : false
				},
				{
					"name" : "hex3[4]",
					"strict" : false
				},
				{
					"name" : "hex3[3]",
					"strict" : false
				},
				{
					"name" : "hex3[2]",
					"strict" : false
				},
				{
					"name" : "hex3[1]",
					"strict" : false
				},
				{
					"name" : "hex3[0]",
					"strict" : false
				},
				{
					"name" : "hex4[6]",
					"strict" : false
				},
				{
					"name" : "hex4[5]",
					"strict" : false
				},
				{
					"name" : "hex4[4]",
					"strict" : false
				},
				{
					"name" : "hex4[3]",
					"strict" : false
				},
				{
					"name" : "hex4[2]",
					"strict" : false
				},
				{
					"name" : "hex4[1]",
					"strict" : false
				},
				{
					"name" : "hex4[0]",
					"strict" : false
				},
				{
					"name" : "hex5[6]",
					"strict" : false
				},
				{
					"name" : "hex5[5]",
					"strict" : false
				},
				{
					"name" : "hex5[4]",
					"strict" : false
				},
				{
					"name" : "hex5[3]",
					"strict" : false
				},
				{
					"name" : "hex5[2]",
					"strict" : false
				},
				{
					"name" : "hex5[0]",
					"strict" : false
				},
				{
					"name" : "reset",
					"strict" : false
				},
				{
					"name" : "clk_50Mhz",
					"strict" : false
				},
				{
					"name" : "ajuste_mm",
					"strict" : false
				},
				{
					"name" : "ajuste_hh",
					"strict" : false
				},
				{
					"name" : "ajuste",
					"strict" : false
				}
			]
		}
	]
}